<CATALOG>
<cd>
	<TITLE>Empire Burlesque</TITLE>
	<ARTIST>Bob Dylan</ARTIST>
	<COUNTRY>USA</COUNTRY>
	<COMPANY>Columbia</COMPANY>
	<PRICE>10.90</PRICE>
	<YEAR>1985</YEAR>
</cd>
<cd>
	<TITLE>Hide your heart</TITLE>
	<ARTIST>Bonnie Tyler</ARTIST>
	<COUNTRY>UK</COUNTRY>
	<COMPANY>CBS Records</COMPANY>
	<PRICE>9.90</PRICE>
	<YEAR>1988</YEAR>
</cd>
<cd>
	<TITLE>Greatest Hits</TITLE>
	<ARTIST>Dolly Parton</ARTIST>
	<COUNTRY>USA</COUNTRY>
	<COMPANY>RCA</COMPANY>
	<PRICE>9.90</PRICE>
	<YEAR>1982</YEAR>
</cd>
<cd>
	<TITLE>Toy fosilizao</TITLE>
	<ARTIST>Eros Verdaderos</ARTIST>
	<COUNTRY>EU</COUNTRY>
	<COMPANY>BMG</COMPANY>
	<PRICE>2.20</PRICE>
	<YEAR>2017</YEAR>
</cd>
<cd>
	<TITLE>Still got the blues</TITLE>
	<ARTIST>Gary Moore</ARTIST>
	<COUNTRY>UK</COUNTRY>
	<COMPANY>Virgin records</COMPANY>
	<PRICE>10.20</PRICE>
	<YEAR>1990</YEAR>
</cd>
<cd>
	<TITLE>Eros</TITLE>
	<ARTIST>Eros Verdaderos</ARTIST>
	<COUNTRY>EU</COUNTRY>
	<COMPANY>BMG</COMPANY>
	<PRICE>9.90</PRICE>
	<YEAR>1997</YEAR>
</cd>
</CATALOG>